{"coef": {"('/model.1/conv/Conv', '/model.23/cv2.0/cv2.0.0/conv/Conv')": -0.005301375989176399, "('/model.1/conv/Conv', '/model.23/cv2.0/cv2.0.0/conv/Conv', '/model.23/cv2.0/cv2.0.1/conv/Conv')": 0.0007150843675066362, "('/model.1/conv/Conv', '/model.23/cv2.0/cv2.0.0/conv/Conv', '/model.23/cv2.1/cv2.1.0/conv/Conv')": 4.481079511781897e-05, "('/model.1/conv/Conv', '/model.23/cv2.0/cv2.0.0/conv/Conv', '/model.23/cv4.0/cv4.0.0/conv/Conv')": 0.0002920506084160687, "('/model.1/conv/Conv', '/model.23/cv2.0/cv2.0.0/conv/Conv', '/model.23/proto/cv1/conv/Conv')": 0.0003340650625377039, "('/model.1/conv/Conv', '/model.23/cv2.0/cv2.0.0/conv/Conv', '/model.23/proto/cv2/conv/Conv')": 2.243009346964732e-05, "('/model.1/conv/Conv', '/model.23/cv2.0/cv2.0.0/conv/Conv', '/model.23/proto/upsample/ConvTranspose')": 0.00014031681482167945, "('/model.1/conv/Conv', '/model.23/cv2.0/cv2.0.0/conv/Conv', '/model.3/conv/Conv')": 0.00207805873097906, "('/model.1/conv/Conv', '/model.23/cv2.0/cv2.0.0/conv/Conv', '/model.5/conv/Conv')": 0.0025030273944338897, "('/model.1/conv/Conv', '/model.23/cv2.0/cv2.0.1/conv/Conv')": -0.0022529043288321317, "('/model.1/conv/Conv', '/model.23/cv2.0/cv2.0.1/conv/Conv', '/model.23/cv2.1/cv2.1.0/conv/Conv')": -7.605891725751294e-05, "('/model.1/conv/Conv', '/model.23/cv2.0/cv2.0.1/conv/Conv', '/model.23/cv4.0/cv4.0.0/conv/Conv')": 0.00013584195823492418, "('/model.1/conv/Conv', '/model.23/cv2.0/cv2.0.1/conv/Conv', '/model.23/proto/cv1/conv/Conv')": 5.945094418240691e-05, "('/model.1/conv/Conv', '/model.23/cv2.0/cv2.0.1/conv/Conv', '/model.23/proto/cv2/conv/Conv')": -5.1944769968467405e-05, "('/model.1/conv/Conv', '/model.23/cv2.0/cv2.0.1/conv/Conv', '/model.23/proto/upsample/ConvTranspose')": 0.0001144056441985176, "('/model.1/conv/Conv', '/model.23/cv2.0/cv2.0.1/conv/Conv', '/model.3/conv/Conv')": 0.0007901205897172074, "('/model.1/conv/Conv', '/model.23/cv2.0/cv2.0.1/conv/Conv', '/model.5/conv/Conv')": 0.0006072672371108439, "('/model.1/conv/Conv', '/model.23/cv2.1/cv2.1.0/conv/Conv')": -0.0029652521969782356, "('/model.1/conv/Conv', '/model.23/cv2.1/cv2.1.0/conv/Conv', '/model.23/cv4.0/cv4.0.0/conv/Conv')": -1.6679249251767142e-06, "('/model.1/conv/Conv', '/model.23/cv2.1/cv2.1.0/conv/Conv', '/model.23/proto/cv1/conv/Conv')": 0.00015782380827502468, "('/model.1/conv/Conv', '/model.23/cv2.1/cv2.1.0/conv/Conv', '/model.23/proto/cv2/conv/Conv')": -1.3156211339748931e-05, "('/model.1/conv/Conv', '/model.23/cv2.1/cv2.1.0/conv/Conv', '/model.23/proto/upsample/ConvTranspose')": 8.862590797655738e-05, "('/model.1/conv/Conv', '/model.23/cv2.1/cv2.1.0/conv/Conv', '/model.3/conv/Conv')": 0.0018339850389997889, "('/model.1/conv/Conv', '/model.23/cv2.1/cv2.1.0/conv/Conv', '/model.5/conv/Conv')": 0.0013509772504701313, "('/model.1/conv/Conv', '/model.23/cv4.0/cv4.0.0/conv/Conv')": -0.0017587742158298057, "('/model.1/conv/Conv', '/model.23/cv4.0/cv4.0.0/conv/Conv', '/model.23/proto/cv1/conv/Conv')": 0.0004125179279199538, "('/model.1/conv/Conv', '/model.23/cv4.0/cv4.0.0/conv/Conv', '/model.23/proto/cv2/conv/Conv')": -6.844723361067498e-05, "('/model.1/conv/Conv', '/model.23/cv4.0/cv4.0.0/conv/Conv', '/model.23/proto/upsample/ConvTranspose')": -1.4117721835442236e-05, "('/model.1/conv/Conv', '/model.23/cv4.0/cv4.0.0/conv/Conv', '/model.3/conv/Conv')": 0.0007249703677990084, "('/model.1/conv/Conv', '/model.23/cv4.0/cv4.0.0/conv/Conv', '/model.5/conv/Conv')": 0.0005965704374646316, "('/model.1/conv/Conv', '/model.23/proto/cv1/conv/Conv')": -0.009271582364691878, "('/model.1/conv/Conv', '/model.23/proto/cv1/conv/Conv', '/model.23/proto/cv2/conv/Conv')": 0.0018028627082119983, "('/model.1/conv/Conv', '/model.23/proto/cv1/conv/Conv', '/model.23/proto/upsample/ConvTranspose')": 0.0006198358948541335, "('/model.1/conv/Conv', '/model.23/proto/cv1/conv/Conv', '/model.3/conv/Conv')": 0.0031574834510959566, "('/model.1/conv/Conv', '/model.23/proto/cv1/conv/Conv', '/model.5/conv/Conv')": 0.0021511168365434324, "('/model.1/conv/Conv', '/model.23/proto/cv2/conv/Conv')": -0.0042454203826333674, "('/model.1/conv/Conv', '/model.23/proto/cv2/conv/Conv', '/model.23/proto/upsample/ConvTranspose')": 0.00038309134951892846, "('/model.1/conv/Conv', '/model.23/proto/cv2/conv/Conv', '/model.3/conv/Conv')": 0.0014329769717253446, "('/model.1/conv/Conv', '/model.23/proto/cv2/conv/Conv', '/model.5/conv/Conv')": 0.0008329184399739663, "('/model.1/conv/Conv', '/model.23/proto/upsample/ConvTranspose')": -0.0011798246145554442, "('/model.1/conv/Conv', '/model.23/proto/upsample/ConvTranspose', '/model.3/conv/Conv')": 0.0001929692341058613, "('/model.1/conv/Conv', '/model.23/proto/upsample/ConvTranspose', '/model.5/conv/Conv')": 0.00019138965933548566, "('/model.1/conv/Conv', '/model.3/conv/Conv')": -0.04089402996362722, "('/model.1/conv/Conv', '/model.3/conv/Conv', '/model.5/conv/Conv')": 0.0005287416269065173, "('/model.1/conv/Conv', '/model.5/conv/Conv')": -0.013192687129735602,