{"coef": {"('/model.1/conv/Conv', '/model.16/cv1/conv/Conv')": -0.047578999130331937, "('/model.1/conv/Conv', '/model.16/cv1/conv/Conv', '/model.2/cv2/conv/Conv')": 0.012447640721050021, "('/model.1/conv/Conv', '/model.16/cv1/conv/Conv', '/model.23/cv2.0/cv2.0.0/conv/Conv')": 0.008139689314186016, "('/model.1/conv/Conv', '/model.16/cv1/conv/Conv', '/model.23/cv2.0/cv2.0.1/conv/Conv')": 0.004775849824128117, "('/model.1/conv/Conv', '/model.16/cv1/conv/Conv', '/model.23/cv2.1/cv2.1.0/conv/Conv')": -0.008004677414737697, "('/model.1/conv/Conv', '/model.16/cv1/conv/Conv', '/model.3/conv/Conv')": 0.009906827221553897, "('/model.1/conv/Conv', '/model.16/cv1/conv/Conv', '/model.4/cv2/conv/Conv')": 0.013741960664797073, "('/model.1/conv/Conv', '/model.16/cv1/conv/Conv', '/model.5/conv/Conv')": 0.018647473704716436, "('/model.1/conv/Conv', '/model.16/cv1/conv/Conv', '/model.7/conv/Conv')": 0.005127322996452365, "('/model.1/conv/Conv', '/model.2/cv2/conv/Conv')": -0.16368604341709045, "('/model.1/conv/Conv', '/model.2/cv2/conv/Conv', '/model.23/cv2.0/cv2.0.0/conv/Conv')": 0.019734198991222664, "('/model.1/conv/Conv', '/model.2/cv2/conv/Conv', '/model.23/cv2.0/cv2.0.1/conv/Conv')": 0.004892309383622791, "('/model.1/conv/Conv', '/model.2/cv2/conv/Conv', '/model.23/cv2.1/cv2.1.0/conv/Conv')": 0.0029758785138496308, "('/model.1/conv/Conv', '/model.2/cv2/conv/Conv', '/model.3/conv/Conv')": 0.10139503245788008, "('/model.1/conv/Conv', '/model.2/cv2/conv/Conv', '/model.4/cv2/conv/Conv')": 0.022281589829467763, "('/model.1/conv/Conv', '/model.2/cv2/conv/Conv', '/model.5/conv/Conv')": 0.01114623996879022, "('/model.1/conv/Conv', '/model.2/cv2/conv/Conv', '/model.7/conv/Conv')": 0.009319326338203884, "('/model.1/conv/Conv', '/model.23/cv2.0/cv2.0.0/conv/Conv')": -0.03666996548515991, "('/model.1/conv/Conv', '/model.23/cv2.0/cv2.0.0/conv/Conv', '/model.23/cv2.0/cv2.0.1/conv/Conv')": 0.010785208618508398, "('/model.1/conv/Conv', '/model.23/cv2.0/cv2.0.0/conv/Conv', '/model.23/cv2.1/cv2.1.0/conv/Conv')": -0.0047285856334863124, "('/model.1/conv/Conv', '/model.23/cv2.0/cv2.0.0/conv/Conv', '/model.3/conv/Conv')": 0.0025923363483199846, "('/model.1/conv/Conv', '/model.23/cv2.0/cv2.0.0/conv/Conv', '/model.4/cv2/conv/Conv')": 0.009478097118469546, "('/model.1/conv/Conv', '/model.23/cv2.0/cv2.0.0/conv/Conv', '/model.5/conv/Conv')": 0.002473584235154924, "('/model.1/conv/Conv', '/model.23/cv2.0/cv2.0.0/conv/Conv', '/model.7/conv/Conv')": 0.004838378352414026, "('/model.1/conv/Conv', '/model.23/cv2.0/cv2.0.1/conv/Conv')": -0.012338110225034019, "('/model.1/conv/Conv', '/model.23/cv2.0/cv2.0.1/conv/Conv', '/model.23/cv2.1/cv2.1.0/conv/Conv')": -0.0038624130089625792, "('/model.1/conv/Conv', '/model.23/cv2.0/cv2.0.1/conv/Conv', '/model.3/conv/Conv')": 0.00332624373674658, "('/model.1/conv/Conv', '/model.23/cv2.0/cv2.0.1/conv/Conv', '/model.4/cv2/conv/Conv')": -0.003239627546119908, "('/model.1/conv/Conv', '/model.23/cv2.0/cv2.0.1/conv/Conv', '/model.5/conv/Conv')": -0.003525199364310963, "('/model.1/conv/Conv', '/model.23/cv2.0/cv2.0.1/conv/Conv', '/model.7/conv/Conv')": -0.0013049013648467889, "('/model.1/conv/Conv', '/model.23/cv2.1/cv2.1.0/conv/Conv')": -0.011663279893421821, "('/model.1/conv/Conv', '/model.23/cv2.1/cv2.1.0/conv/Conv', '/model.3/conv/Conv')": 0.012689537983632017, "('/model.1/conv/Conv', '/model.23/cv2.1/cv2.1.0/conv/Conv', '/model.4/cv2/conv/Conv')": 0.007373744988730342, "('/model.1/conv/Conv', '/model.23/cv2.1/cv2.1.0/conv/Conv', '/model.5/conv/Conv')": 0.004215579130324935, "('/model.1/conv/Conv', '/model.23/cv2.1/cv2.1.0/conv/Conv', '/model.7/conv/Conv')": -0.003950690266714597, "('/model.1/conv/Conv', '/model.3/conv/Conv')": -0.1806283715273876, "('/model.1/conv/Conv', '/model.3/conv/Conv', '/model.4/cv2/conv/Conv')": 0.10484437770180946, "('/model.1/conv/Conv', '/model.3/conv/Conv', '/model.5/conv/Conv')": 0.007043973063898172, "('/model.1/conv/Conv', '/model.3/conv/Conv', '/model.7/conv/Conv')": -0.0029312399356678856, "('/model.1/conv/Conv', '/model.4/cv2/conv/Conv')": -0.15819400873061248, "('/model.1/conv/Conv', '/model.4/cv2/conv/Conv', '/model.5/conv/Conv')": 0.03587021637071482, "('/model.1/conv/Conv', '/model.4/cv2/conv/Conv', '/model.7/conv/Conv')": 0.0027581484279709106, "('/model.1/conv/Conv', '/model.5/conv/Conv')": -0.0577227990464177, "('/model.1/conv/Conv', '/model.5/conv/Conv', '/model.7/conv/Conv')": 0.0013127144555223971, "('/model.1/conv/Conv', '/model.7/conv/Conv')": -0.018090321426201206, "('/model.1/conv/Conv',)": 0.40724005589505297, "('/model.16/cv1/conv/Conv', '/model.2/cv2/conv/Conv')": -0.04491354384152975, "('/model.16/cv1/conv/Conv', '/model.2/cv2/conv/Conv', '/model.23/cv2.0/cv2.0.0/conv/Conv')": 0.01664815228660209, "('/model.16/cv1/conv/Conv', '/model.2/cv2/conv/Conv', '/model.23/cv2.0/cv2.0.1/conv/Conv')": -0.003446310994101087, "('/model.16/cv1/conv/Conv', '/model.2/cv2/conv/Conv', '/model.23/cv2.1/cv2.1.0/conv/Conv')": 0.00923724470400902, "('/model.16/cv1/conv/Conv', '/model.2/cv2/conv/Conv', '/model.3/conv/Conv')": 0.0006461691396844188, "('/model.16/cv1/conv/Conv', '/model.2/cv2/conv/Conv', '/model.4/cv2/conv/Conv')": 0.013069888416802435, "('/model.16/cv1/conv/Conv', '/model.2/cv2/conv/Conv', '/model.5/conv/Conv')": 0.01578197555681879, "('/model.16/cv1/conv/Conv', '/model.2/cv2/conv/Conv', '/model.7/conv/Conv')": 0.009100250671554892, "('/model.16/cv1/conv/Conv', '/model.23/cv2.0/cv2.0.0/conv/Conv')": -0.021380602902609062, "('/model.16/cv1/conv/Conv', '/model.23/cv2.0/cv2.0.0/conv/Conv', '/model.23/cv2.0/cv2.0.1/conv/Conv')": -0.0022900431724860865, "('/model.16/cv1/conv/Conv', '/model.23/cv2.0/cv2.0.0/conv/Conv', '/model.23/cv2.1/cv2.1.0/conv/Conv')": -0.009242232749626975, "('/model.16/cv1/conv/Conv', '/model.23/cv2.0/cv2.0.0/conv/Conv', '/model.3/conv/Conv')": 0.006181165560649179, "('/model.16/cv1/conv/Conv', '/model.23/cv2.0/cv2.0.0/conv/Conv', '/model.4/cv2/conv/Conv')": 0.003333276643100373, "('/model.16/cv1/conv/Conv', '/model.23/cv2.0/cv2.0.0/conv/Conv', '/model.5/conv/Conv')": -0.002848223055298263, "('/model.16/cv1/conv/Conv', '/model.23/cv2.0/cv2.0.0/conv/Conv', '/model.7/conv/Conv')": 0.007806013469457654, "('/model.16/cv1/conv/Conv', '/model.23/cv2.0/cv2.0.1/conv/Conv')": 0.0032619967734480865, "('/model.16/cv1/conv/Conv', '/model.23/cv2.0/cv2.0.1/conv/Conv', '/model.23/cv2.1/cv2.1.0/conv/Conv')": 0.0032435847611035473, "('/model.16/cv1/conv/Conv', '/model.23/cv2.0/cv2.0.1/conv/Conv', '/model.3/conv/Conv')": -0.0034261447170426187, "('/model.16/cv1/conv/Conv', '/model.23/cv2.0/cv2.0.1/conv/Conv', '/model.4/cv2/conv/Conv')": -0.0060266293666600915, "('/model.16/cv1/conv/Conv', '/model.23/cv2.0/cv2.0.1/conv/Conv', '/model.5/conv/Conv')": 0.0009669474496433184, "('/model.16/cv1/conv/Conv', '/model.23/cv2.0/cv2.0.1/conv/Conv', '/model.7/conv/Conv')": -0.005458908157926427, "('/model.16/cv1/conv/Conv', '/model.23/cv2.1/cv2.1.0/conv/Conv')": 0.005832377969424984, "('/model.16/cv1/conv/Conv', '/model.23/cv2.1/cv2.1.0/conv/Conv', '/model.3/conv/Conv')": -0.003307880472009174, "('/model.16/cv1/conv/Conv', '/model.23/cv2.1/cv2.1.0/conv/Conv', '/model.4/cv2/conv/Conv')": 0.00768949276968056, "('/model.16/cv1/conv/Conv', '/model.23/cv2.1/cv2.1.0/conv/Conv', '/model.5/conv/Conv')": -0.0020495591498220153, "('/model.16/cv1/conv/Conv', '/model.23/cv2.1/cv2.1.0/conv/Conv', '/model.7/conv/Conv')": -0.006216901224174998, "('/model.16/cv1/conv/Conv', '/model.3/conv/Conv')": -0.026917538048084264, "('/model.16/cv1/conv/Conv', '/model.3/conv/Conv', '/model.4/cv2/conv/Conv')": 0.013111802238905068, "('/model.16/cv1/conv/Conv', '/model.3/conv/Conv', '/model.5/conv/Conv')": 0.004285679132879246, "('/model.16/cv1/conv/Conv', '/model.3/conv/Conv', '/model.7/conv/Conv')": -0.0011079685584949456,