{"coef": {"('/model.1/conv/Conv', '/model.23/cv2.0/cv2.0.0/conv/Conv')": -0.005620905445694478, "('/model.1/conv/Conv', '/model.23/cv2.0/cv2.0.0/conv/Conv', '/model.23/cv2.0/cv2.0.1/conv/Conv')": 0.0009588419896295721, "('/model.1/conv/Conv', '/model.23/cv2.0/cv2.0.0/conv/Conv', '/model.23/cv2.1/cv2.1.0/conv/Conv')": -2.1161263015486353e-05, "('/model.1/conv/Conv', '/model.23/cv2.0/cv2.0.0/conv/Conv', '/model.23/cv4.0/cv4.0.0/conv/Conv')": 0.0003624495735202217, "('/model.1/conv/Conv', '/model.23/cv2.0/cv2.0.0/conv/Conv', '/model.23/proto/cv1/conv/Conv')": 0.000545776143422487, "('/model.1/conv/Conv', '/model.23/cv2.0/cv2.0.0/conv/Conv', '/model.23/proto/cv2/conv/Conv')": -0.00011980770121171108, "('/model.1/conv/Conv', '/model.23/cv2.0/cv2.0.0/conv/Conv', '/model.23/proto/upsample/ConvTranspose')": 0.0002205112284926706, "('/model.1/conv/Conv', '/model.23/cv2.0/cv2.0.0/conv/Conv', '/model.3/conv/Conv')": 0.0026545334521273067, "('/model.1/conv/Conv', '/model.23/cv2.0/cv2.0.0/conv/Conv', '/model.5/conv/Conv')": 0.0008068405785769664, "('/model.1/conv/Conv', '/model.23/cv2.0/cv2.0.1/conv/Conv')": -0.002044212039225229, "('/model.1/conv/Conv', '/model.23/cv2.0/cv2.0.1/conv/Conv', '/model.23/cv2.1/cv2.1.0/conv/Conv')": -0.0002478072572238898, "('/model.1/conv/Conv', '/model.23/cv2.0/cv2.0.1/conv/Conv', '/model.23/cv4.0/cv4.0.0/conv/Conv')": 7.79437932223871e-05, "('/model.1/conv/Conv', '/model.23/cv2.0/cv2.0.1/conv/Conv', '/model.23/proto/cv1/conv/Conv')": 6.395845913404396e-05, "('/model.1/conv/Conv', '/model.23/cv2.0/cv2.0.1/conv/Conv', '/model.23/proto/cv2/conv/Conv')": -4.405525185176371e-05, "('/model.1/conv/Conv', '/model.23/cv2.0/cv2.0.1/conv/Conv', '/model.23/proto/upsample/ConvTranspose')": -2.2379152723310015e-05, "('/model.1/conv/Conv', '/model.23/cv2.0/cv2.0.1/conv/Conv', '/model.3/conv/Conv')": 0.001235897900901296, "('/model.1/conv/Conv', '/model.23/cv2.0/cv2.0.1/conv/Conv', '/model.5/conv/Conv')": 0.0005569489167368447, "('/model.1/conv/Conv', '/model.23/cv2.1/cv2.1.0/conv/Conv')": -0.0018942768634377218, "('/model.1/conv/Conv', '/model.23/cv2.1/cv2.1.0/conv/Conv', '/model.23/cv4.0/cv4.0.0/conv/Conv')": 2.252035345938052e-05, "('/model.1/conv/Conv', '/model.23/cv2.1/cv2.1.0/conv/Conv', '/model.23/proto/cv1/conv/Conv')": 0.00012179927552217334, "('/model.1/conv/Conv', '/model.23/cv2.1/cv2.1.0/conv/Conv', '/model.23/proto/cv2/conv/Conv')": -0.00014824218667914592, "('/model.1/conv/Conv', '/model.23/cv2.1/cv2.1.0/conv/Conv', '/model.23/proto/upsample/ConvTranspose')": -2.6864886294228688e-05, "('/model.1/conv/Conv', '/model.23/cv2.1/cv2.1.0/conv/Conv', '/model.3/conv/Conv')": 0.0017627848071025583, "('/model.1/conv/Conv', '/model.23/cv2.1/cv2.1.0/conv/Conv', '/model.5/conv/Conv')": 0.0007518534617316375, "('/model.1/conv/Conv', '/model.23/cv4.0/cv4.0.0/conv/Conv')": -0.0017966018160334423, "('/model.1/conv/Conv', '/model.23/cv4.0/cv4.0.0/conv/Conv', '/model.23/proto/cv1/conv/Conv')": 0.00038958717046588907, "('/model.1/conv/Conv', '/model.23/cv4.0/cv4.0.0/conv/Conv', '/model.23/proto/cv2/conv/Conv')": 1.1626696683863201e-05, "('/model.1/conv/Conv', '/model.23/cv4.0/cv4.0.0/conv/Conv', '/model.23/proto/upsample/ConvTranspose')": -4.066027242017288e-06, "('/model.1/conv/Conv', '/model.23/cv4.0/cv4.0.0/conv/Conv', '/model.3/conv/Conv')": 0.0007305537975840909, "('/model.1/conv/Conv', '/model.23/cv4.0/cv4.0.0/conv/Conv', '/model.5/conv/Conv')": 0.00033246962087818063, "('/model.1/conv/Conv', '/model.23/proto/cv1/conv/Conv')": -0.010033612737445756, "('/model.1/conv/Conv', '/model.23/proto/cv1/conv/Conv', '/model.23/proto/cv2/conv/Conv')": 0.0020892061473647607, "('/model.1/conv/Conv', '/model.23/proto/cv1/conv/Conv', '/model.23/proto/upsample/ConvTranspose')": 0.0006864785454665059, "('/model.1/conv/Conv', '/model.23/proto/cv1/conv/Conv', '/model.3/conv/Conv')": 0.00411777818398966, "('/model.1/conv/Conv', '/model.23/proto/cv1/conv/Conv', '/model.5/conv/Conv')": 0.001575579650804083, "('/model.1/conv/Conv', '/model.23/proto/cv2/conv/Conv')": -0.0039056181317743276, "('/model.1/conv/Conv', '/model.23/proto/cv2/conv/Conv', '/model.23/proto/upsample/ConvTranspose')": 0.0003281961583468541, "('/model.1/conv/Conv', '/model.23/proto/cv2/conv/Conv', '/model.3/conv/Conv')": 0.0014768706989464779, "('/model.1/conv/Conv', '/model.23/proto/cv2/conv/Conv', '/model.5/conv/Conv')": 0.0006831816202301812, "('/model.1/conv/Conv', '/model.23/proto/upsample/ConvTranspose')": -0.001194979893297506, "('/model.1/conv/Conv', '/model.23/proto/upsample/ConvTranspose', '/model.3/conv/Conv')": 0.0002552754864328195, "('/model.1/conv/Conv', '/model.23/proto/upsample/ConvTranspose', '/model.5/conv/Conv')": 0.00011185338224458698, "('/model.1/conv/Conv', '/model.3/conv/Conv')": -0.045827618900025055, "('/model.1/conv/Conv', '/model.3/conv/Conv', '/model.5/conv/Conv')": 0.0021810546488822743, "('/model.1/conv/Conv', '/model.5/conv/Conv')": -0.009169825091972702,