{"coef": {"('/model.1/conv/Conv', '/model.23/cv2.0/cv2.0.0/conv/Conv')": -0.00570221924581208, "('/model.1/conv/Conv', '/model.23/cv2.0/cv2.0.0/conv/Conv', '/model.23/cv2.0/cv2.0.1/conv/Conv')": 0.0009026407679017367, "('/model.1/conv/Conv', '/model.23/cv2.0/cv2.0.0/conv/Conv', '/model.23/cv2.1/cv2.1.0/conv/Conv')": 2.7814719335076885e-05, "('/model.1/conv/Conv', '/model.23/cv2.0/cv2.0.0/conv/Conv', '/model.23/cv4.0/cv4.0.0/conv/Conv')": 0.00042667787993236686, "('/model.1/conv/Conv', '/model.23/cv2.0/cv2.0.0/conv/Conv', '/model.23/proto/cv1/conv/Conv')": 0.0004721488487921602, "('/model.1/conv/Conv', '/model.23/cv2.0/cv2.0.0/conv/Conv', '/model.23/proto/cv2/conv/Conv')": 1.9893794192120916e-05, "('/model.1/conv/Conv', '/model.23/cv2.0/cv2.0.0/conv/Conv', '/model.23/proto/upsample/ConvTranspose')": 0.00011626004665241888, "('/model.1/conv/Conv', '/model.23/cv2.0/cv2.0.0/conv/Conv', '/model.3/conv/Conv')": 0.0023096165441049256, "('/model.1/conv/Conv', '/model.23/cv2.0/cv2.0.0/conv/Conv', '/model.5/conv/Conv')": 0.0009547195412573286, "('/model.1/conv/Conv', '/model.23/cv2.0/cv2.0.1/conv/Conv')": -0.00214781575960586, "('/model.1/conv/Conv', '/model.23/cv2.0/cv2.0.1/conv/Conv', '/model.23/cv2.1/cv2.1.0/conv/Conv')": -7.885007757980379e-05, "('/model.1/conv/Conv', '/model.23/cv2.0/cv2.0.1/conv/Conv', '/model.23/cv4.0/cv4.0.0/conv/Conv')": 0.00012924117006165008, "('/model.1/conv/Conv', '/model.23/cv2.0/cv2.0.1/conv/Conv', '/model.23/proto/cv1/conv/Conv')": 4.675625781328657e-05, "('/model.1/conv/Conv', '/model.23/cv2.0/cv2.0.1/conv/Conv', '/model.23/proto/cv2/conv/Conv')": -4.1062388461081574e-05, "('/model.1/conv/Conv', '/model.23/cv2.0/cv2.0.1/conv/Conv', '/model.23/proto/upsample/ConvTranspose')": 8.972600995697756e-05, "('/model.1/conv/Conv', '/model.23/cv2.0/cv2.0.1/conv/Conv', '/model.3/conv/Conv')": 0.0007869804456704915, "('/model.1/conv/Conv', '/model.23/cv2.0/cv2.0.1/conv/Conv', '/model.5/conv/Conv')": 0.000461545242346555, "('/model.1/conv/Conv', '/model.23/cv2.1/cv2.1.0/conv/Conv')": -0.002766577852760634, "('/model.1/conv/Conv', '/model.23/cv2.1/cv2.1.0/conv/Conv', '/model.23/cv4.0/cv4.0.0/conv/Conv')": -1.7811853640411351e-06, "('/model.1/conv/Conv', '/model.23/cv2.1/cv2.1.0/conv/Conv', '/model.23/proto/cv1/conv/Conv')": 0.00011314838340669396, "('/model.1/conv/Conv', '/model.23/cv2.1/cv2.1.0/conv/Conv', '/model.23/proto/cv2/conv/Conv')": -1.8750168963145228e-05, "('/model.1/conv/Conv', '/model.23/cv2.1/cv2.1.0/conv/Conv', '/model.23/proto/upsample/ConvTranspose')": 7.44218649593373e-05, "('/model.1/conv/Conv', '/model.23/cv2.1/cv2.1.0/conv/Conv', '/model.3/conv/Conv')": 0.0018789246696250578, "('/model.1/conv/Conv', '/model.23/cv2.1/cv2.1.0/conv/Conv', '/model.5/conv/Conv')": 0.0010032636718967443, "('/model.1/conv/Conv', '/model.23/cv4.0/cv4.0.0/conv/Conv')": -0.0020011341029780635, "('/model.1/conv/Conv', '/model.23/cv4.0/cv4.0.0/conv/Conv', '/model.23/proto/cv1/conv/Conv')": 0.0005431474555811439, "('/model.1/conv/Conv', '/model.23/cv4.0/cv4.0.0/conv/Conv', '/model.23/proto/cv2/conv/Conv')": -4.313594979577992e-05, "('/model.1/conv/Conv', '/model.23/cv4.0/cv4.0.0/conv/Conv', '/model.23/proto/upsample/ConvTranspose')": 5.642535413744737e-06, "('/model.1/conv/Conv', '/model.23/cv4.0/cv4.0.0/conv/Conv', '/model.3/conv/Conv')": 0.0006952415698621465, "('/model.1/conv/Conv', '/model.23/cv4.0/cv4.0.0/conv/Conv', '/model.5/conv/Conv')": 0.00040397498343626524, "('/model.1/conv/Conv', '/model.23/proto/cv1/conv/Conv')": -0.009272921447183505, "('/model.1/conv/Conv', '/model.23/proto/cv1/conv/Conv', '/model.23/proto/cv2/conv/Conv')": 0.0017764769598692326, "('/model.1/conv/Conv', '/model.23/proto/cv1/conv/Conv', '/model.23/proto/upsample/ConvTranspose')": 0.0006658983973373538, "('/model.1/conv/Conv', '/model.23/proto/cv1/conv/Conv', '/model.3/conv/Conv')": 0.0036028293284858437, "('/model.1/conv/Conv', '/model.23/proto/cv1/conv/Conv', '/model.5/conv/Conv')": 0.0011644578517055245, "('/model.1/conv/Conv', '/model.23/proto/cv2/conv/Conv')": -0.004382893189971567, "('/model.1/conv/Conv', '/model.23/proto/cv2/conv/Conv', '/model.23/proto/upsample/ConvTranspose')": 0.0004034297589933925, "('/model.1/conv/Conv', '/model.23/proto/cv2/conv/Conv', '/model.3/conv/Conv')": 0.001738977068271573, "('/model.1/conv/Conv', '/model.23/proto/cv2/conv/Conv', '/model.5/conv/Conv')": 0.0005521575583665086, "('/model.1/conv/Conv', '/model.23/proto/upsample/ConvTranspose')": -0.001161047572901702, "('/model.1/conv/Conv', '/model.23/proto/upsample/ConvTranspose', '/model.3/conv/Conv')": 0.00021658153652375422, "('/model.1/conv/Conv', '/model.23/proto/upsample/ConvTranspose', '/model.5/conv/Conv')": 0.00014822285075558658, "('/model.1/conv/Conv', '/model.3/conv/Conv')": -0.04493793158058784, "('/model.1/conv/Conv', '/model.3/conv/Conv', '/model.5/conv/Conv')": -0.0028559692309389024, "('/model.1/conv/Conv', '/model.5/conv/Conv')": -0.007095279700161995,